language,number of subwords,average paragraphs,entropy
en,4995,48.5,0.38448447552094034
ja,2285,47.6,0.40992995887450695
de,3329,26.3,0.3831917501166835
