language,number of subwords,average paragraphs,entropy
en,10587,18.0,0.4096528030309958
fr,10994,28.3,0.3972168839299484
hi,1998,6.72,0.34812356192498534
ru,9721,23.3,0.3821620952695568
fi,8286,18.42,0.37726573724297807
hu,6752,12.93,0.3928827828486029
he,4155,20.37,0.35165772371355813
tr,5777,9.09,0.39294588061473273
