language,number of subwords,average paragraphs,entropy
en,28389,0.004,0.25684099421372686
ja,17990,58.966,0.18854995689822143
de,27317,24.098,0.2625590815266652
