language,number of subwords,average paragraphs,entropy
en,28389,0.004,0.25684099421372686
ja,17990,58.966,0.18854995689822143
de,27317,24.098,0.2625590815266652
zh,15041,19.47,0.19643661920764624
vi,12721,8.3,0.19754593821020708
la,18464,8.669,0.19359593964519634
he,12211,27.462,0.16497947004404243
sq,17792,0.001,0.21100262412892373
