language,number of subwords,average paragraphs,entropy
en,11476,18.03,0.08568324151020162
en,12576,22.32,0.2782367117468262
